{
  "gstin": "27AHQPA7588L1ZJ",
  "fp": "122016",
  "gt": 3782969.01,
  "cur_gt": 3782969.01,
  "version": "GST1.2",
  "hash": "GSTR1-Hash-Code",
  "mode": "of",
  "b2b": [
    {
      "ctin": "01AABCE2207R1C5",
      "inv": [
        {
          "inum": "S008400",
          "idt": "24-11-2016",
          "val": 729248.16,
          "pos": "06",
          "rchrg": "N",
          "etin": "01AABCE5507R1C4",
          "inv_typ": "R",
          "itms": [
            {
              "num": 1,
              "itm_det": {
                "rt": 5,
                "txval": 10000,
                "iamt": 833.33,
                "csamt": 500
              }
            }
          ]
        }
      ]
    }
  ],
  "b2cl": [
    {
      "pos": "05",
      "inv": [
        {
          "inum": "92661",
          "idt": "10-01-2016",
          "val": 784586.33,
          "etin": "01AABCE2207R1C5",
          "itms": [
            {
              "num": 1,
              "itm_det": {
                "rt": 5,
                "txval": 10000,
                "iamt": 833.33,
                "csamt": 500
              }
            }
          ]
        }
      ]
    }
  ],
  "cdnr": [
    {
      "ctin": "01AAAAP1208Q1ZS",
      "nt": [
        {
          "ntty": "C",
          "nt_num": "533515",
          "nt_dt": "23-09-2016",
          "p_gst": "N",
          "rsn": "Post Sale Discount",
          "inum": "915914",
          "idt": "23-09-2016",
          "val": 123123,
          "itms": [
            {
              "num": 1,
              "itm_det": {
                "rt": 10.0,
                "txval": 5225.28,
                "iamt": 845.22,
                "csamt": 789.52
              }
            }
          ]
        }
      ]
    }
  ],
  "b2cs": [
    {
      "sply_ty": "INTER",
      "rt": 5,
      "typ": "E",
      "etin": "01AABCE2207R1C5",
      "pos": "05",
      "txval": 110,
      "iamt": 10,
      "csamt": 10
    },
    {
      "rt": 5,
      "sply_ty": "INTER",
      "typ": "OE",
      "txval": 100,
      "iamt": 10,
      "csamt": 10
    }
  ],
  "exp": [
    {
      "exp_typ": "WPAY",
      "inv": [
        {
          "inum": "81542",
          "idt": "12-02-2016",
          "val": 995048.36,
          "sbpcode": "ASB991",
          "sbnum": 7896542,
          "sbdt": "04-10-2016",
          "itms": [
            {
              "txval": 10000,
              "rt": 5,
              "iamt": 833.33
            }
          ]
        }
      ]
    },
    {
      "exp_typ": "WOPAY",
      "inv": [
        {
          "inum": "81542",
          "idt": "12-02-2016",
          "val": 995048.36,
          "sbpcode": "ASB981",
          "sbnum": 7896542,
          "sbdt": "04-10-2016",
          "itms": [
            {
              "txval": 10000,
              "rt": 0,
              "iamt": 0
            }
          ]
        }
      ]
    }
  ],
  "hsn": {
    "data": [
      {
        "num": 1,
        "hsn_sc": "1009",
        "desc": "Goods Description",
        "uqc": "kg",
        "qty": 2.05,
        "val": 995048.36,
        "txval": 10.23,
        "iamt": 14.52,
        "csamt": 500
      }
    ]
  },
  "nil": {
    "inv": [
      {
        "sply_ty": "INTRB2B",
        "expt_amt": 123.45,
        "nil_amt": 1470.85,
        "ngsup_amt": 1258.5
      },
      {
        "sply_ty": "INTRB2C",
        "expt_amt": 123.45,
        "nil_amt": 1470.85,
        "ngsup_amt": 1258.5
      }
    ]
  },
  "txpd": [
    {
      "pos": "05",
      "sply_ty": "INTER",
      "itms": [
        {
          "rt": 5,
          "ad_amt": 100,
          "iamt": 9400,
          "csamt": 500
        }
      ]
    }
  ],
  "at": [
    {
      "pos": "05",
      "sply_ty": "INTER",
      "itms": [
        {
          "rt": 5,
          "ad_amt": 100,
          "iamt": 9400,
          "csamt": 500
        }
      ]
    }
  ],
  "doc_issue": {
    "doc_det": [
      {
        "doc_num": 1,
        "docs": [
          {
            "num": 1,
            "from": "20",
            "to": "29",
            "totnum": 20,
            "cancel": 3,
            "net_issue": 17
          }
        ]
      }
    ]
  },
  "cdnur": [
    {
      "typ": "B2CL",
      "ntty": "C",
      "nt_num": "533515",
      "nt_dt": "23-09-2016",
      "p_gst": "N",
      "rsn": "Post Sale Discount",
      "inum": "915914",
      "idt": "23-09-2016",
      "val": 64646,
      "itms": [
        {
          "num": 1,
          "itm_det": {
            "rt": 10.0,
            "txval": 5225.28,
            "iamt": 845.22,
            "csamt": 789.52
          }
        }
      ]
    }
  ]
}